-- Database Recovery Script --
SET FOREIGN_KEY_CHECKS=0;

DELETE FROM `users`;
INSERT INTO users (`id`, `name`, `email`, `email_verified_at`, `password`, `phone`, `dob`, `gender`, `country`, `role`, `is_banned`, `avatar`, `otp`, `otp_expires_at`, `remember_token`, `created_at`, `updated_at`) VALUES ('1', 'MOHANED Admin', 'admin@mohaned-ecommerce.com', '2026-03-26 11:55:30', '$2y$12$kzleJ28wXDGdGk.Xhz4kI.TzTNkyWnaSrASdmRphW1EVfzbCwMYj6', '01023257791', NULL, NULL, NULL, 'admin', '0', 'http://localhost:8000/storage/avatars/vMLZn1wKsZTDj1jX15YlrWfKRft6210fyKkUIpwi.jpg', NULL, NULL, NULL, '2026-03-25 12:03:35', '2026-03-29 20:51:38');
INSERT INTO users (`id`, `name`, `email`, `email_verified_at`, `password`, `phone`, `dob`, `gender`, `country`, `role`, `is_banned`, `avatar`, `otp`, `otp_expires_at`, `remember_token`, `created_at`, `updated_at`) VALUES ('2', 'Elite Member', 'member@mohaned-ecommerce.com', '2026-03-25 12:03:35', '$2y$12$oaM25cfYOS/sze0Z8CWMr.DCkm5n/luVYV.J1FyYm2gmtMAEMucUS', '+1 (555) 900-2000', '1990-01-01', 'Other', 'United Kingdom', 'admin', '0', NULL, NULL, NULL, NULL, '2026-03-25 12:03:35', '2026-03-25 13:24:38');
INSERT INTO users (`id`, `name`, `email`, `email_verified_at`, `password`, `phone`, `dob`, `gender`, `country`, `role`, `is_banned`, `avatar`, `otp`, `otp_expires_at`, `remember_token`, `created_at`, `updated_at`) VALUES ('3', 'Armani Fahey', 'terrance65@example.com', '2026-03-25 12:03:35', '$2y$12$6xp9bIAHLwaWTyG/94gLauXC.J4cp38g9Tp9bRYmeKC.RBkmL4MFS', '507-401-0962', NULL, NULL, NULL, 'customer', '0', 'https://ui-avatars.com/api/?name=Jeff+Miller', NULL, NULL, 'RDuUAzAG07', '2026-03-25 12:03:35', '2026-03-29 15:44:42');
INSERT INTO users (`id`, `name`, `email`, `email_verified_at`, `password`, `phone`, `dob`, `gender`, `country`, `role`, `is_banned`, `avatar`, `otp`, `otp_expires_at`, `remember_token`, `created_at`, `updated_at`) VALUES ('4', 'Lorenz Ullrich', 'hassie19@example.net', '2026-03-25 12:03:35', '$2y$12$6xp9bIAHLwaWTyG/94gLauXC.J4cp38g9Tp9bRYmeKC.RBkmL4MFS', '580-209-7758', NULL, NULL, NULL, 'customer', '0', 'https://ui-avatars.com/api/?name=Prof.+Audrey+Hessel+Sr.', NULL, NULL, 'K6xMlbsZjn', '2026-03-25 12:03:35', '2026-03-25 12:03:35');
INSERT INTO users (`id`, `name`, `email`, `email_verified_at`, `password`, `phone`, `dob`, `gender`, `country`, `role`, `is_banned`, `avatar`, `otp`, `otp_expires_at`, `remember_token`, `created_at`, `updated_at`) VALUES ('5', 'Remington Renner', 'kane.fisher@example.net', '2026-03-25 12:03:35', '$2y$12$6xp9bIAHLwaWTyG/94gLauXC.J4cp38g9Tp9bRYmeKC.RBkmL4MFS', '740-906-3889', NULL, NULL, NULL, 'customer', '0', 'https://ui-avatars.com/api/?name=Rashad+Grady', NULL, NULL, 'hPCmgAyaLS', '2026-03-25 12:03:35', '2026-03-25 12:03:35');
INSERT INTO users (`id`, `name`, `email`, `email_verified_at`, `password`, `phone`, `dob`, `gender`, `country`, `role`, `is_banned`, `avatar`, `otp`, `otp_expires_at`, `remember_token`, `created_at`, `updated_at`) VALUES ('6', 'Dr. Hazel Greenholt', 'skye32@example.com', '2026-03-25 12:03:35', '$2y$12$6xp9bIAHLwaWTyG/94gLauXC.J4cp38g9Tp9bRYmeKC.RBkmL4MFS', '956.746.8688', NULL, NULL, NULL, 'customer', '0', 'https://ui-avatars.com/api/?name=Meggie+Yundt+II', NULL, NULL, 'f7suCIj2ml', '2026-03-25 12:03:35', '2026-03-25 12:03:35');
INSERT INTO users (`id`, `name`, `email`, `email_verified_at`, `password`, `phone`, `dob`, `gender`, `country`, `role`, `is_banned`, `avatar`, `otp`, `otp_expires_at`, `remember_token`, `created_at`, `updated_at`) VALUES ('7', 'Prof. Jerrod Lehner', 'rhianna87@example.net', '2026-03-25 12:03:35', '$2y$12$6xp9bIAHLwaWTyG/94gLauXC.J4cp38g9Tp9bRYmeKC.RBkmL4MFS', '+1 (364) 780-9306', NULL, NULL, NULL, 'customer', '0', 'https://ui-avatars.com/api/?name=Dorcas+White', NULL, NULL, 'keibIFpbcm', '2026-03-25 12:03:35', '2026-03-25 12:03:35');
INSERT INTO users (`id`, `name`, `email`, `email_verified_at`, `password`, `phone`, `dob`, `gender`, `country`, `role`, `is_banned`, `avatar`, `otp`, `otp_expires_at`, `remember_token`, `created_at`, `updated_at`) VALUES ('8', 'Mr. Raymond Treutel I', 'charlene.kuhlman@example.com', '2026-03-25 12:03:35', '$2y$12$6xp9bIAHLwaWTyG/94gLauXC.J4cp38g9Tp9bRYmeKC.RBkmL4MFS', '+1-458-324-0717', NULL, NULL, NULL, 'customer', '0', 'https://ui-avatars.com/api/?name=Eda+Hodkiewicz', NULL, NULL, 'naulSxgNlz', '2026-03-25 12:03:35', '2026-03-25 12:03:35');
INSERT INTO users (`id`, `name`, `email`, `email_verified_at`, `password`, `phone`, `dob`, `gender`, `country`, `role`, `is_banned`, `avatar`, `otp`, `otp_expires_at`, `remember_token`, `created_at`, `updated_at`) VALUES ('9', 'Reynold Gislason', 'gorczany.golda@example.net', '2026-03-25 12:03:35', '$2y$12$6xp9bIAHLwaWTyG/94gLauXC.J4cp38g9Tp9bRYmeKC.RBkmL4MFS', '838.987.1089', NULL, NULL, NULL, 'customer', '0', 'https://ui-avatars.com/api/?name=Mr.+Barton+Hettinger', NULL, NULL, 'OUj8NkiY7H', '2026-03-25 12:03:35', '2026-03-25 12:03:35');
INSERT INTO users (`id`, `name`, `email`, `email_verified_at`, `password`, `phone`, `dob`, `gender`, `country`, `role`, `is_banned`, `avatar`, `otp`, `otp_expires_at`, `remember_token`, `created_at`, `updated_at`) VALUES ('10', 'Rocky Hahn', 'kayley32@example.net', '2026-03-25 12:03:35', '$2y$12$6xp9bIAHLwaWTyG/94gLauXC.J4cp38g9Tp9bRYmeKC.RBkmL4MFS', '+1 (508) 312-7282', NULL, NULL, NULL, 'customer', '0', 'https://ui-avatars.com/api/?name=Paolo+Prosacco', NULL, NULL, 'ic4MLRo243', '2026-03-25 12:03:35', '2026-03-25 12:03:35');
INSERT INTO users (`id`, `name`, `email`, `email_verified_at`, `password`, `phone`, `dob`, `gender`, `country`, `role`, `is_banned`, `avatar`, `otp`, `otp_expires_at`, `remember_token`, `created_at`, `updated_at`) VALUES ('11', 'Mr. Colby Vandervort', 'lind.kaelyn@example.net', '2026-03-25 12:03:35', '$2y$12$6xp9bIAHLwaWTyG/94gLauXC.J4cp38g9Tp9bRYmeKC.RBkmL4MFS', '248-595-1333', NULL, NULL, NULL, 'customer', '0', 'https://ui-avatars.com/api/?name=Shayne+Fay', NULL, NULL, 'Gq0qZu1spS', '2026-03-25 12:03:35', '2026-03-25 12:03:35');
INSERT INTO users (`id`, `name`, `email`, `email_verified_at`, `password`, `phone`, `dob`, `gender`, `country`, `role`, `is_banned`, `avatar`, `otp`, `otp_expires_at`, `remember_token`, `created_at`, `updated_at`) VALUES ('12', 'Dahlia Borer', 'twunsch@example.com', '2026-03-25 12:03:35', '$2y$12$6xp9bIAHLwaWTyG/94gLauXC.J4cp38g9Tp9bRYmeKC.RBkmL4MFS', '1-508-648-4514', NULL, NULL, NULL, 'customer', '0', 'https://ui-avatars.com/api/?name=Dr.+Neil+Daugherty', NULL, NULL, 'SMpgpWT6nv', '2026-03-25 12:03:35', '2026-03-25 12:03:35');
INSERT INTO users (`id`, `name`, `email`, `email_verified_at`, `password`, `phone`, `dob`, `gender`, `country`, `role`, `is_banned`, `avatar`, `otp`, `otp_expires_at`, `remember_token`, `created_at`, `updated_at`) VALUES ('13', 'karem', 'rosa@gmail.com', NULL, '$2y$12$g2vgT06JAEJZ2b/CU2m51.kecUaeKnNHrd8Nruv9wswjfnsJzyE92', '01023257791', NULL, 'Prefer not to say', 'United States', 'admin', '0', 'http://localhost:8000/storage/avatars/ZdQbQrf125naDFPZLdM5DBL8CuPHXyMikhQ4Q8Pr.jpg', '176064', '2026-03-29 23:53:43', NULL, '2026-03-25 12:11:31', '2026-03-29 23:38:43');
INSERT INTO users (`id`, `name`, `email`, `email_verified_at`, `password`, `phone`, `dob`, `gender`, `country`, `role`, `is_banned`, `avatar`, `otp`, `otp_expires_at`, `remember_token`, `created_at`, `updated_at`) VALUES ('16', 'karemtest', 'karem@gmail.comm', '2026-03-26 12:33:07', '$2y$12$6eKqI4XqxTLsgyDVy2oL9ughNXlnFeqMUBJFvIID9oIdneCw/e.3S', NULL, NULL, NULL, NULL, 'customer', '0', 'https://ui-avatars.com/api/?name=karemtest', NULL, NULL, NULL, '2026-03-26 11:46:51', '2026-03-26 12:33:07');
INSERT INTO users (`id`, `name`, `email`, `email_verified_at`, `password`, `phone`, `dob`, `gender`, `country`, `role`, `is_banned`, `avatar`, `otp`, `otp_expires_at`, `remember_token`, `created_at`, `updated_at`) VALUES ('17', 'mohamed', 'mo@gmail.com', NULL, '$2y$12$ojvvW.KpvdGf1U0COiGLf.uxmokt3IVd7C2deah34caff9JIiqQq.', NULL, NULL, NULL, NULL, 'customer', '0', 'https://ui-avatars.com/api/?name=mohamed', '885054', '2026-03-29 16:44:28', NULL, '2026-03-29 16:29:28', '2026-03-29 16:29:28');
INSERT INTO users (`id`, `name`, `email`, `email_verified_at`, `password`, `phone`, `dob`, `gender`, `country`, `role`, `is_banned`, `avatar`, `otp`, `otp_expires_at`, `remember_token`, `created_at`, `updated_at`) VALUES ('18', 'mohamed', 'moe@gmail.com', NULL, '$2y$12$YiQW1WzbHOvg2jwel4ry5u01vuTR.NGQtTJficKLrPsc7ilw2bCyq', NULL, NULL, NULL, NULL, 'customer', '0', 'https://ui-avatars.com/api/?name=mohamed', '733223', '2026-03-29 16:45:23', NULL, '2026-03-29 16:30:23', '2026-03-29 16:30:23');
INSERT INTO users (`id`, `name`, `email`, `email_verified_at`, `password`, `phone`, `dob`, `gender`, `country`, `role`, `is_banned`, `avatar`, `otp`, `otp_expires_at`, `remember_token`, `created_at`, `updated_at`) VALUES ('19', 'mohamed', 'mole@gmail.com', NULL, '$2y$12$Sen9YTEzWSmUQR6EgTfdy.umaci/aZTL9rRoWr225OPLLzh/8zMIm', NULL, NULL, NULL, NULL, 'customer', '0', 'https://ui-avatars.com/api/?name=mohamed', '983970', '2026-03-29 16:52:30', NULL, '2026-03-29 16:37:30', '2026-03-29 16:37:30');
INSERT INTO users (`id`, `name`, `email`, `email_verified_at`, `password`, `phone`, `dob`, `gender`, `country`, `role`, `is_banned`, `avatar`, `otp`, `otp_expires_at`, `remember_token`, `created_at`, `updated_at`) VALUES ('20', 'grhd', 'kekf@epojgreg', '2026-03-29 16:45:02', '$2y$12$78lfg2Oqopdlmze3hNUWSOwvBskKKylDd2linzLrk6mhgey32MhPG', NULL, NULL, NULL, NULL, 'customer', '0', 'https://ui-avatars.com/api/?name=grhd', NULL, NULL, NULL, '2026-03-29 16:43:55', '2026-03-29 16:45:02');
INSERT INTO users (`id`, `name`, `email`, `email_verified_at`, `password`, `phone`, `dob`, `gender`, `country`, `role`, `is_banned`, `avatar`, `otp`, `otp_expires_at`, `remember_token`, `created_at`, `updated_at`) VALUES ('21', 'karem', 'karemmahmoud.dev@gmail.com', NULL, '$2y$12$oywgCEM2jIOmevm1LROTa.rMIB0BaQzy/RvuOG732.r0Nu/sA/UmC', NULL, NULL, NULL, NULL, 'customer', '0', 'https://ui-avatars.com/api/?name=karem', '563294', '2026-03-29 23:43:11', NULL, '2026-03-29 23:28:11', '2026-03-29 23:28:11');
INSERT INTO users (`id`, `name`, `email`, `email_verified_at`, `password`, `phone`, `dob`, `gender`, `country`, `role`, `is_banned`, `avatar`, `otp`, `otp_expires_at`, `remember_token`, `created_at`, `updated_at`) VALUES ('22', 'karem', 'karedmmahmoud.dev@gmail.com', NULL, '$2y$12$qhI3j1Emrlz9EdoIrE43UOxE/hZUz6p7snbfQnOXGDMmOXE7gFy4u', NULL, NULL, NULL, NULL, 'customer', '0', 'https://ui-avatars.com/api/?name=karem', '594656', '2026-03-30 00:08:56', NULL, '2026-03-29 23:53:56', '2026-03-29 23:53:56');

DELETE FROM `categories`;
INSERT INTO categories (`id`, `name`, `slug`, `description`, `image`, `parent_id`, `is_active`, `created_at`, `updated_at`) VALUES ('30', 'Clothes', 'clothes', 'clothes premuim', 'categories/kRmjKFsqzbrvnkfejRWfYrNK9mmb2whgLpzbI8YS.jpg', NULL, '1', '2026-03-25 18:08:05', '2026-03-26 14:46:11');
INSERT INTO categories (`id`, `name`, `slug`, `description`, `image`, `parent_id`, `is_active`, `created_at`, `updated_at`) VALUES ('31', 'hodies', 'hodies', 'premuim hodies', 'categories/TgXjYeTFl30uTV60Y2HnFcYLOHOjV3nuqgUVsRhX.webp', '30', '1', '2026-03-25 18:10:30', '2026-03-25 18:11:06');
INSERT INTO categories (`id`, `name`, `slug`, `description`, `image`, `parent_id`, `is_active`, `created_at`, `updated_at`) VALUES ('32', 'Flowers', 'flowers', NULL, 'categories/qtRhbljWg85OtJIjqLZvJBAcEUXdIOrFU029BB8g.jpg', NULL, '1', '2026-03-26 14:45:57', '2026-03-26 14:45:57');
INSERT INTO categories (`id`, `name`, `slug`, `description`, `image`, `parent_id`, `is_active`, `created_at`, `updated_at`) VALUES ('33', 'Electronics devices', 'electronics-devices', NULL, 'categories/j2ONvTrY4K9SXSH7mf1y4MRhXO4BghVfkqVHnjKG.jpg', NULL, '1', '2026-03-26 14:47:41', '2026-03-26 14:47:41');
INSERT INTO categories (`id`, `name`, `slug`, `description`, `image`, `parent_id`, `is_active`, `created_at`, `updated_at`) VALUES ('34', 'phones', 'phones', NULL, 'categories/dJrt1nhKS51zeclXmwaiih5HCeYFcZZQjxy9VUoh.jpg', '33', '1', '2026-03-26 14:48:26', '2026-03-26 14:48:26');
INSERT INTO categories (`id`, `name`, `slug`, `description`, `image`, `parent_id`, `is_active`, `created_at`, `updated_at`) VALUES ('35', 'headphones', 'headphones', NULL, 'categories/AFJOujZHQz5adQVz12pcGAJvey2TcqSMfQmxXA4Q.jpg', '33', '1', '2026-03-26 14:55:37', '2026-03-26 14:55:37');
INSERT INTO categories (`id`, `name`, `slug`, `description`, `image`, `parent_id`, `is_active`, `created_at`, `updated_at`) VALUES ('36', 'watches', 'watches', NULL, 'categories/Qt9GRb4BhMxq7OowLW8qGwDNMhberjNr7xsHET2O.jpg', NULL, '1', '2026-03-26 15:07:27', '2026-03-26 15:07:27');
INSERT INTO categories (`id`, `name`, `slug`, `description`, `image`, `parent_id`, `is_active`, `created_at`, `updated_at`) VALUES ('37', 'toyes and games', 'toyes-and-games', NULL, 'categories/WiNxcs8bPX85Mw0X74LcqBbKGXOSe2yQZ9ddUJPO.jpg', NULL, '1', '2026-03-26 15:08:29', '2026-03-26 15:08:29');
INSERT INTO categories (`id`, `name`, `slug`, `description`, `image`, `parent_id`, `is_active`, `created_at`, `updated_at`) VALUES ('38', 'Perfumes', 'perfumes', NULL, 'categories/DE6vzKG2IPNNWO8OHUEhfwKQQXCWk3FMG16u6cbR.jpg', NULL, '1', '2026-03-26 15:09:54', '2026-03-26 15:09:54');
INSERT INTO categories (`id`, `name`, `slug`, `description`, `image`, `parent_id`, `is_active`, `created_at`, `updated_at`) VALUES ('39', 'Supermarket', 'supermarket', NULL, 'categories/OCLD1HqrGmP5KrlKo0hZaZ0oZ2HtaKrYWvOGvwZ8.jpg', NULL, '1', '2026-03-26 15:11:31', '2026-03-26 15:11:31');

DELETE FROM `products`;
INSERT INTO products (`id`, `name`, `slug`, `description`, `price`, `sale_price`, `sku`, `stock`, `low_stock_threshold`, `category_id`, `is_active`, `is_featured`, `created_at`, `updated_at`) VALUES ('52', 'hody', 'hody', 'smart hody black legand for mens', '350.00', NULL, '1-5-2006', '498', '5', '31', '1', '1', '2026-03-25 18:43:35', '2026-03-29 16:53:58');
INSERT INTO products (`id`, `name`, `slug`, `description`, `price`, `sale_price`, `sku`, `stock`, `low_stock_threshold`, `category_id`, `is_active`, `is_featured`, `created_at`, `updated_at`) VALUES ('53', 'scicode hody', 'scicode-hody', 'This is a premium, stylish hoodie made from high-quality cotton fabric. It features a bold scicode logo across the front, making it a perfect blend of comfort and urban sophistication.', '500.00', NULL, 'scicode', '500', '5', '31', '1', '1', '2026-03-25 21:30:10', '2026-03-25 22:03:48');

DELETE FROM `product_images`;
INSERT INTO product_images (`id`, `product_id`, `image_path`, `is_main`, `order`, `created_at`, `updated_at`) VALUES ('151', '52', 'http://localhost:8000/storage/products/AUysDfBmRuagU3OCzr4jDely6COtDlbq27ylwK1J.webp', '1', '0', '2026-03-25 18:43:35', '2026-03-25 18:43:35');
INSERT INTO product_images (`id`, `product_id`, `image_path`, `is_main`, `order`, `created_at`, `updated_at`) VALUES ('152', '52', 'http://localhost:8000/storage/products/EkbAprfEUKlRYjBqQypIeFT7ErsdkSyb0JLqzkfe.webp', '0', '1', '2026-03-25 18:43:36', '2026-03-25 18:43:36');
INSERT INTO product_images (`id`, `product_id`, `image_path`, `is_main`, `order`, `created_at`, `updated_at`) VALUES ('153', '52', 'http://localhost:8000/storage/products/9v3VNWw28XbiR2g35vx7np7qjZpdhu2DSV786oyk.png', '0', '2', '2026-03-25 18:43:37', '2026-03-25 18:43:37');
INSERT INTO product_images (`id`, `product_id`, `image_path`, `is_main`, `order`, `created_at`, `updated_at`) VALUES ('154', '52', 'http://localhost:8000/storage/products/bZcZgptuQcZ5CMpdyJSP3Njb5PWsImB514vvNqLS.png', '0', '3', '2026-03-25 18:43:37', '2026-03-25 18:43:37');
INSERT INTO product_images (`id`, `product_id`, `image_path`, `is_main`, `order`, `created_at`, `updated_at`) VALUES ('155', '53', 'http://localhost:8000/storage/products/QINUP2GxiDnUG9CI3rMsxKexPTv35nElBEvQi0eG.png', '1', '0', '2026-03-25 21:30:10', '2026-03-25 21:30:10');
INSERT INTO product_images (`id`, `product_id`, `image_path`, `is_main`, `order`, `created_at`, `updated_at`) VALUES ('156', '53', 'http://localhost:8000/storage/products/8pQpzhc5OlZrTBntqu2T47d90sndvPZ3HXRcRaTG.png', '0', '1', '2026-03-25 21:30:11', '2026-03-25 21:30:11');
INSERT INTO product_images (`id`, `product_id`, `image_path`, `is_main`, `order`, `created_at`, `updated_at`) VALUES ('157', '53', 'http://localhost:8000/storage/products/WUBTXuawcgdaWe8VjxvJJbrKgxLI6OO8oeuPEKRW.png', '0', '2', '2026-03-29 15:33:03', '2026-03-29 15:33:03');

DELETE FROM `product_variants`;
INSERT INTO product_variants (`id`, `product_id`, `type`, `value`, `price_override`, `stock`, `created_at`, `updated_at`) VALUES ('348', '53', 'size', 'lg', '450.00', '25', '2026-03-29 15:33:21', '2026-03-29 15:33:21');
INSERT INTO product_variants (`id`, `product_id`, `type`, `value`, `price_override`, `stock`, `created_at`, `updated_at`) VALUES ('349', '53', 'size', 'xl', '550.00', '29', '2026-03-29 15:33:21', '2026-03-29 15:33:21');
INSERT INTO product_variants (`id`, `product_id`, `type`, `value`, `price_override`, `stock`, `created_at`, `updated_at`) VALUES ('350', '53', 'color', 'black', NULL, '0', '2026-03-29 15:33:21', '2026-03-29 15:33:21');
INSERT INTO product_variants (`id`, `product_id`, `type`, `value`, `price_override`, `stock`, `created_at`, `updated_at`) VALUES ('351', '53', 'color', 'gray', NULL, '0', '2026-03-29 15:33:21', '2026-03-29 15:33:21');
INSERT INTO product_variants (`id`, `product_id`, `type`, `value`, `price_override`, `stock`, `created_at`, `updated_at`) VALUES ('352', '52', 'size', 'xl', '300.00', '46', '2026-03-29 16:53:58', '2026-03-29 16:53:58');
INSERT INTO product_variants (`id`, `product_id`, `type`, `value`, `price_override`, `stock`, `created_at`, `updated_at`) VALUES ('353', '52', 'size', '5xl', '500.00', '3', '2026-03-29 16:53:58', '2026-03-29 16:53:58');
INSERT INTO product_variants (`id`, `product_id`, `type`, `value`, `price_override`, `stock`, `created_at`, `updated_at`) VALUES ('354', '52', 'color', 'black', NULL, '0', '2026-03-29 16:53:58', '2026-03-29 16:53:58');
INSERT INTO product_variants (`id`, `product_id`, `type`, `value`, `price_override`, `stock`, `created_at`, `updated_at`) VALUES ('355', '52', 'color', 'gray', NULL, '0', '2026-03-29 16:53:58', '2026-03-29 16:53:58');

SET FOREIGN_KEY_CHECKS=1;
